r,p,sample_size,population_r
0.6169499912909676,0.0037599129413592846,20,0.15
0.17726578372784188,0.45466321151935063,20,0.15
-0.05247777386605182,0.8260836875527634,20,0.15
0.24283641262005368,0.30225178894529114,20,0.15
-0.16820694370711126,0.47839665714759283,20,0.15
-0.14469639087670189,0.54275481819432,20,0.15
-0.025259792949390236,0.9158142200670869,20,0.15
-0.017139662000054685,0.9428245423760697,20,0.15
0.29555155475082956,0.20582352520483757,20,0.15
-0.24206594385870137,0.3038360335043342,20,0.15
0.3404161417801949,0.14192941796119507,20,0.15
0.42608411822602466,0.06103448082670157,20,0.15
0.6052367544560582,0.004689774434290413,20,0.15
-0.01651255376866041,0.944913386986516,20,0.15
-0.2647232534066962,0.259354354867431,20,0.15
0.08690665693383566,0.7156165343723827,20,0.15
0.49336086714596844,0.027068367223767504,20,0.15
0.10926063440078672,0.6465624097288907,20,0.15
0.36783943491667437,0.11057002124228857,20,0.15
0.05734097419331717,0.8102357782681058,20,0.15
0.22369600022762903,0.34309204990128284,20,0.15
0.18083602124810896,0.44547919024371496,20,0.15
0.43181259856877663,0.057274830785662645,20,0.15
-0.31543366834703157,0.17550723629703371,20,0.15
0.13900708789460725,0.5588975168856234,20,0.15
-0.09215646077162065,0.6991833711609379,20,0.15
0.02652043635252144,0.9116281190695292,20,0.15
-0.09785415064288167,0.6814930335367111,20,0.15
0.14539227850322675,0.5407950092898838,20,0.15
-0.07911475022673078,0.7402287903246808,20,0.15
-0.23719653624839254,0.3139648060539449,20,0.15
0.6102711337171349,0.004269239005409393,20,0.15
0.11338008604301471,0.6341155769055888,20,0.15
0.3589043156312078,0.12017904327039397,20,0.15
0.27932242179724365,0.23300409683334902,20,0.15
0.11981781979196553,0.6148531173875209,20,0.15
0.08572066647883633,0.7193460063227745,20,0.15
0.20819253537421337,0.37841346771281803,20,0.15
0.22735725719216593,0.33504177585387995,20,0.15
0.2705423284600976,0.248634690442886,20,0.15
-0.05344035836006889,0.8229415293014498,20,0.15
0.65490057759553,0.0017260799769689191,20,0.15
0.04754761101422262,0.8422161554191332,20,0.15
0.4283710414895059,0.05951181119443868,20,0.15
0.06823952129471797,0.7749858361129057,20,0.15
0.2563620132757313,0.27526120124866893,20,0.15
0.49751535870142527,0.02561105685554073,20,0.15
-0.21928445093961507,0.352940537746547,20,0.15
0.02074901841124358,0.9308094690894972,20,0.15
0.5294046611774652,0.016374519329945183,20,0.15
0.08984034510088361,0.7064180038838519,20,0.15
0.29391439990729606,0.20846537349062702,20,0.15
0.524434482451612,0.01760470896347323,20,0.15
0.3659822537247469,0.11252006196704854,20,0.15
0.12436724230891853,0.601384645013243,20,0.15
0.4469105076823239,0.04820751818643902,20,0.15
0.2065169329154879,0.3823492248091639,20,0.15
0.31939429385750867,0.16985329307447056,20,0.15
0.162270019736294,0.4942792194665798,20,0.15
-0.1481604539647014,0.5330312427209325,20,0.15
-0.047366739504269485,0.8428091954107584,20,0.15
0.14220210129223618,0.549805856368605,20,0.15
0.47491116995700217,0.034346681012517186,20,0.15
0.38664725032303743,0.09217601734533291,20,0.15
0.13415824744906898,0.572821217366493,20,0.15
0.1809143555197849,0.4452787744345874,20,0.15
-0.2892622992897874,0.21609454201700973,20,0.15
0.2255664269089706,0.33896540536059994,20,0.15
0.41724739689680396,0.06719625424583649,20,0.15
0.22201479230974908,0.34682613536915796,20,0.15
0.2720350798415947,0.24593115158639192,20,0.15
-0.16809687904438328,0.4786887643184252,20,0.15
0.23352069580125642,0.32174356352196254,20,0.15
0.025936283419656765,0.9135675891132207,20,0.15
-0.1845075174546906,0.43613644782800787,20,0.15
0.008110028949478699,0.9729296560704745,20,0.15
0.08432172538748271,0.7237529804232423,20,0.15
0.30892266049081113,0.18507813760475622,20,0.15
0.20499406046407334,0.3859460435093721,20,0.15
0.2661215107575285,0.2567522768582251,20,0.15
-0.24518147483732675,0.2974608239540514,20,0.15
0.491021008866121,0.02791743649205627,20,0.15
-0.09218720246906958,0.6990875122733391,20,0.15
0.0786850039626888,0.7415935729012696,20,0.15
0.12239853487617262,0.6071980397210563,20,0.15
0.01387822420227443,0.9536917456226045,20,0.15
0.15659419486366818,0.509700321420154,20,0.15
0.39126319721397146,0.08802734190246918,20,0.15
0.36792866194143575,0.11047695070245506,20,0.15
-0.1567994072945769,0.5091387856159237,20,0.15
-0.14457326463716355,0.5431019115530242,20,0.15
-0.18226302325742966,0.4418356255317707,20,0.15
0.12511958569149137,0.5991691321148043,20,0.15
0.14961255517529956,0.5289793229489985,20,0.15
0.6840879970321729,8.798869900550411e-4,20,0.15
0.08911382814779105,0.7086923941859467,20,0.15
0.34367584516991245,0.137907510386058,20,0.15
0.09260974039902928,0.6977703975289477,20,0.15
0.2737546455093004,0.2428402555689213,20,0.15
-0.20600036026280388,0.38356718892296915,20,0.15
0.1309855677937287,0.42045280382714334,40,0.15
0.024606969358262655,0.8801998605799785,40,0.15
0.058859883855101665,0.7182704939480886,40,0.15
0.14768399183743208,0.3631295460148807,40,0.15
0.05035242652548535,0.7576606396386817,40,0.15
0.13176835661694294,0.41765694275890053,40,0.15
0.04127177334886701,0.8003793674032693,40,0.15
0.2140715161880659,0.18470331875411394,40,0.15
0.24748411516055388,0.12364424342878755,40,0.15
0.06756576424806074,0.6786932587036303,40,0.15
-0.0038498731357240784,0.9811902602368805,40,0.15
0.2081304605498836,0.1974819569610634,40,0.15
0.3085067962516912,0.05276569051051812,40,0.15
0.07330585933532534,0.6530486299618338,40,0.15
-0.029000524043042,0.8590084209041916,40,0.15
0.10920499790851496,0.5023591838629621,40,0.15
0.039755538642692344,0.8075721757442688,40,0.15
0.2719792587009488,0.08955043605809786,40,0.15
0.39389478800302624,0.011909852894846596,40,0.15
0.041499925639476055,0.7992984340255784,40,0.15
-0.10803961452703195,0.5069581479642422,40,0.15
0.41560435730019396,0.007653130209100294,40,0.15
0.2781754404290981,0.08220436721250737,40,0.15
-0.050923360407078885,0.7549969122622766,40,0.15
0.3536043253764259,0.025198994313458283,40,0.15
0.2032920605337907,0.20833810521434593,40,0.15
0.06042588743201941,0.7110940636279712,40,0.15
-0.04329279334596224,0.7908172320947997,40,0.15
0.34006741909085575,0.031791572307935945,40,0.15
-0.00986404744387613,0.9518299992166321,40,0.15
0.23939081720264915,0.13681438160581252,40,0.15
0.2641789943980676,0.09950776325285765,40,0.15
0.03567655343320333,0.8269984163308457,40,0.15
0.07550128047020108,0.6433414224235028,40,0.15
0.02940922284752817,0.8570418580259908,40,0.15
0.39391863426462925,0.011904251288162877,40,0.15
0.2612758814029284,0.10342271399621596,40,0.15
0.12997206737574013,0.42408831395867097,40,0.15
0.2616284519194109,0.10294108725914419,40,0.15
0.2996402349549465,0.060324390811465095,40,0.15
-0.07040697109455192,0.665952915034955,40,0.15
0.11930751221512514,0.46339688801209644,40,0.15
0.19053795171660634,0.23892341273891238,40,0.15
0.42202081178781686,0.006678555849937255,40,0.15
0.2781741618076831,0.08220583315924511,40,0.15
0.30532287426231935,0.05538728749527845,40,0.15
-0.14691094053252257,0.36567466324675824,40,0.15
0.10354373581155012,0.5248971314419055,40,0.15
0.38825226711253663,0.013299942857564877,40,0.15
-0.18435592732776304,0.2547905587707141,40,0.15
-0.2758776277640443,0.08487182430672562,40,0.15
0.18286391961903223,0.25872297971756864,40,0.15
0.20630141754395429,0.20153814217710306,40,0.15
0.29686506550146946,0.06285950339800299,40,0.15
0.2667877040350885,0.09608754589334552,40,0.15
-0.018185818824097824,0.9113157173057007,40,0.15
0.1395001594456392,0.39061175980751883,40,0.15
-0.006780785171749083,0.9668765797300745,40,0.15
0.10359106147550073,0.524706686787185,40,0.15
0.25908802528639496,0.10644994695866918,40,0.15
0.10453004589593365,0.5209351274970664,40,0.15
0.42635019247809225,0.006083192980801954,40,0.15
0.11700790174220435,0.4721209589637051,40,0.15
0.09250346552691126,0.5702311534799384,40,0.15
0.010342827902504258,0.9494948575678261,40,0.15
0.16025355360980895,0.32325233020952715,40,0.15
0.19852064332929317,0.21944395500209857,40,0.15
0.3037858236624792,0.056689626535364634,40,0.15
-0.08671618483612249,0.59468841928243,40,0.15
0.5298426805917675,4.3799036079499135e-4,40,0.15
0.17927200385014785,0.26835487982829603,40,0.15
0.005711356947435716,0.9720983877512792,40,0.15
0.15675397598033017,0.33406873393817627,40,0.15
-0.03701230487369189,0.8206250821198624,40,0.15
0.24501270900792926,0.12756090112841864,40,0.15
-0.10622162975247075,0.5141746404060326,40,0.15
0.3564007308324898,0.02398961092366133,40,0.15
-0.0853762657140874,0.6004158314586147,40,0.15
0.2779630600791657,0.08244814159027651,40,0.15
0.2762931632614511,0.08438453069570984,40,0.15
0.3613885279271095,0.021952417709051555,40,0.15
0.22753446562677693,0.15794376714624758,40,0.15
0.1547026659497869,0.34051175337426,40,0.15
0.21816364198899638,0.17625036620594314,40,0.15
-0.14070850606445912,0.38647945229559777,40,0.15
0.14211810404234998,0.3816914166018667,40,0.15
-0.046573524189705215,0.7753597037554887,40,0.15
-7.361919061555181e-4,0.9964027997501521,40,0.15
-0.2631001153543354,0.10094919785463409,40,0.15
0.14326843609970283,0.377810054151663,40,0.15
0.2865855516755689,0.07299404920887954,40,0.15
0.0574968781173678,0.724536160996692,40,0.15
0.2987092604875485,0.06116560354411719,40,0.15
0.37958147298368206,0.01570320821119824,40,0.15
0.3071390537355759,0.05387940433449379,40,0.15
0.26789601392638396,0.09466210092566629,40,0.15
0.2520378426141376,0.1166645045894314,40,0.15
0.11756314181018485,0.47000661686231004,40,0.15
0.0671368374462194,0.6806244112322327,40,0.15
0.07567081196271891,0.6425942254711835,40,0.15
0.2369988024868323,0.06826725482825013,60,0.15
0.20235072702367451,0.12101718180299345,60,0.15
-0.14548020821157526,0.26739020058544183,60,0.15
0.16519117918173395,0.20718827106972257,60,0.15
0.15596845095945963,0.23404192316377667,60,0.15
-0.095460000493759245,0.4681240841137375,60,0.15
-0.15800245354477532,0.22792267102846328,60,0.15
0.10115837177367075,0.4418564757238733,60,0.15
0.17396165426472154,0.18374354829989745,60,0.15
0.15946032581887978,0.22360557875923823,60,0.15
0.07810096500377012,0.5530817573333213,60,0.15
0.23306133815694743,0.07312067368583261,60,0.15
0.11090037212315704,0.3989117065270874,60,0.15
0.2616273566156908,0.043461634583701954,60,0.15
0.3668044402369619,0.0039428239453948724,60,0.15
0.021378936773047273,0.8711992027840001,60,0.15
0.04043318525118147,0.7590479733562646,60,0.15
0.4044274604108362,0.0013511171129043438,60,0.15
0.04478641720030316,0.7340169559888599,60,0.15
0.2861149293690366,0.026679862025552618,60,0.15
-0.004501969651702574,0.9727665534534541,60,0.15
0.2548316378718352,0.0494180457515632,60,0.15
0.1904848388457826,0.14488564525009373,60,0.15
0.15332540279372406,0.24216153236763605,60,0.15
0.23875709936915304,0.06618493353787798,60,0.15
0.13043891604200758,0.32052799549057015,60,0.15
0.3118925349932597,0.015268849110521012,60,0.15
0.16006643052337322,0.22182763536376815,60,0.15
0.060788190266973186,0.644522200450165,60,0.15
0.3248911470561596,0.011316381671140234,60,0.15
0.17851995531512121,0.1723435824133415,60,0.15
0.1499818675549166,0.25270670390558253,60,0.15
0.3088337957073121,0.016354559724310998,60,0.15
0.1882142376486649,0.14982802956611643,60,0.15
-0.02787239643757657,0.8325766929376516,60,0.15
-0.021695621851859716,0.8693078706463839,60,0.15
0.17139581560610406,0.19039485101263873,60,0.15
0.2424331743937932,0.061996064311472095,60,0.15
-0.09257987670649938,0.4817140231035787,60,0.15
0.4319488467384485,5.684961581322521e-4,60,0.15
0.055765466987175445,0.6721490737553397,60,0.15
0.13961452582399006,0.28736428420372473,60,0.15
0.5069166110933294,3.57911159951601e-5,60,0.15
0.16727885199511447,0.20142486175023125,60,0.15
0.3309156564576663,0.009807414571969864,60,0.15
0.13390037158493445,0.30774189601656854,60,0.15
0.13982248341300757,0.28663980481334794,60,0.15
0.1787691625624144,0.17173553877816797,60,0.15
0.033895507466524366,0.7970982983429926,60,0.15
-0.002930489423618538,0.9822708652222507,60,0.15
0.15711677519491823,0.23057342717955062,60,0.15
0.21837111638428067,0.09369711475091798,60,0.15
0.17713209388014417,0.1757585473488501,60,0.15
-0.0672923980329308,0.6094494781991774,60,0.15
0.008170876461462492,0.9505939334240017,60,0.15
0.15946594750636964,0.2235890426708604,60,0.15
0.2718632787032591,0.03561463241704117,60,0.15
0.15874231063792835,0.22572461328958435,60,0.15
0.08563892949011326,0.5153055183563284,60,0.15
0.08432978481419341,0.5217713537855182,60,0.15
0.2821943143125616,0.028925930860361312,60,0.15
0.07092019470163731,0.5902538360652685,60,0.15
0.1834370062157056,0.1606337091780754,60,0.15
0.021872137638856596,0.8682539841169173,60,0.15
0.3218934463659469,0.012139267452034981,60,0.15
0.1162586238304736,0.376374236746043,60,0.15
0.2948320733155348,0.02220698916919595,60,0.15
0.19402884862894712,0.13741602729371247,60,0.15
0.2725215407759688,0.03515318177199128,60,0.15
0.0749079930811317,0.56947209764827,60,0.15
0.14394192395862854,0.2725361288031446,60,0.15
0.25314394160767295,0.050996324479992944,60,0.15
0.12948156129300822,0.3241231566512711,60,0.15
0.052723522546232665,0.689096030410682,60,0.15
0.059589401373000485,0.6510744574953433,60,0.15
0.024285551363382417,0.8538683317821203,60,0.15
0.33544206721042374,0.008791614987052951,60,0.15
-0.21178298791523828,0.10428191254718527,60,0.15
0.3246857383049032,0.011371186715807769,60,0.15
0.18021644078734325,0.1682351901892558,60,0.15
0.1374895745251566,0.2948360890142467,60,0.15
-0.09811751101795282,0.4557703357816586,60,0.15
0.0691651734851371,0.5995063031546511,60,0.15
0.09006806916454352,0.49373452160130504,60,0.15
0.20727241068449961,0.11204644859996975,60,0.15
0.251650625611775,0.05242687769683216,60,0.15
0.13316957287437198,0.3104135911079088,60,0.15
-0.006631713103056232,0.9598921223870194,60,0.15
0.10380986950346581,0.4299200051573647,60,0.15
0.2208776227577326,0.08989787407682566,60,0.15
0.22682768328571032,0.08136243055094648,60,0.15
0.006789272395597926,0.9589400310969316,60,0.15
-0.03892488174311549,0.7677798648515901,60,0.15
0.2643805060979201,0.041222947956641075,60,0.15
0.19763831623695496,0.13010954783718975,60,0.15
0.08381455230927727,0.5243271716207347,60,0.15
0.010960120616205151,0.9337614506059385,60,0.15
0.2833032026907529,0.028275147334789478,60,0.15
0.1381110920177059,0.29263769784711624,60,0.15
-0.16927567155941958,0.1960196916398899,60,0.15
0.42176257747821466,0.06399204963403479,20,0.25
-0.10082409093104833,0.6723342690007446,20,0.25
0.03706309086799613,0.8767179145818058,20,0.25
0.14471227782305635,0.542710040187919,20,0.25
0.07084184592713,0.7666285598966939,20,0.25
0.3350770642755093,0.14869344993815606,20,0.25
0.1218794658749832,0.6087346080034068,20,0.25
0.16811814530141492,0.47863231759312475,20,0.25
0.5351071571041391,0.01504899106581918,20,0.25
0.21002153950645558,0.37414352999268574,20,0.25
0.12849920953141192,0.589258772415273,20,0.25
0.4467355279310715,0.04830586752451792,20,0.25
0.4948128932921306,0.02655178533956881,20,0.25
-0.06825424379118213,0.7749384873207386,20,0.25
0.35072798492885243,0.12948239223720379,20,0.25
-0.01407022083779744,0.9530517712095095,20,0.25
-0.012310105096602528,0.9589196799005559,20,0.25
-0.12766162164255698,0.591708454384485,20,0.25
0.7271488183767284,2.8069815750773007e-4,20,0.25
0.14715241551136532,0.5358524636239603,20,0.25
0.10438284732843478,0.6614180416575133,20,0.25
0.44763208290114526,0.047803570280454004,20,0.25
0.36099366285141615,0.11788047513549668,20,0.25
0.6458911658431122,0.002095855877001527,20,0.25
0.3469969492121357,0.13389306114193875,20,0.25
0.3119204427853341,0.18062868379785613,20,0.25
0.20964805246952878,0.37501324073077114,20,0.25
0.26286399919278175,0.2628400727383688,20,0.25
0.3171928984105912,0.17298025528981426,20,0.25
0.10229947410425992,0.6678008230623347,20,0.25
-0.0526318530561991,0.8255805554355916,20,0.25
0.3098308593971409,0.18372240145721325,20,0.25
0.1954271486098369,0.4089696127967526,20,0.25
0.4473748705562477,0.047947262325642614,20,0.25
0.45650132387143366,0.043047783588332326,20,0.25
0.33268744158120594,0.1517924834358418,20,0.25
-0.048730397333167794,0.8383400752790098,20,0.25
0.2330002018482758,0.32285423231634136,20,0.25
0.22620301451968017,0.3375675962650123,20,0.25
0.4117674254310371,0.07124535760369542,20,0.25
0.5244760635958309,0.017594119049439316,20,0.25
-0.02539164017354908,0.9153763055073931,20,0.25
0.342293881505063,0.1396026936227745,20,0.25
0.0774007349659169,0.7456765521076693,20,0.25
0.08050428590532471,0.7358210517076225,20,0.25
0.2982324242748377,0.20154562301459822,20,0.25
-0.01801521180133222,0.9399087637658972,20,0.25
0.24281254968939436,0.3023007806129196,20,0.25
-0.026610503372159172,0.9113291264110402,20,0.25
0.08109211019761202,0.7339587981707154,20,0.25
0.2825317564554357,0.22745347170697916,20,0.25
0.3848020046868829,0.09387396272534969,20,0.25
0.5345536678413055,0.015173738316896477,20,0.25
0.14457133549824422,0.5431073506069461,20,0.25
0.31403861564954766,0.17752890467713345,20,0.25
-0.03385582433410281,0.8873179752377169,20,0.25
-0.17527628354424285,0.4598229155930612,20,0.25
0.3435990163089219,0.1380013700803399,20,0.25
0.1403285522402217,0.5551291060739514,20,0.25
0.4636454508362322,0.03948963755387256,20,0.25
0.02787405810310277,0.9071357705856099,20,0.25
0.4715850372151895,0.035807362928770944,20,0.25
0.014590288911379645,0.9513183899395732,20,0.25
0.44144725759660736,0.0513514503194113,20,0.25
0.4464476998615793,0.04846797916084032,20,0.25
-0.08046253479236101,0.7359533752052718,20,0.25
0.4786534488237345,0.0327592631712442,20,0.25
0.6067410123480397,0.004560686606676582,20,0.25
0.6387047978917446,0.0024363177809394836,20,0.25
0.1665559133793104,0.48278775477141567,20,0.25
0.316089058707312,0.17456290268619004,20,0.25
0.09512177042760539,0.6899572988234675,20,0.25
0.45641002545948745,0.043094802077856716,20,0.25
0.31121857382605705,0.18166386154360245,20,0.25
-0.2307156414854388,0.3277561640945428,20,0.25
0.0046157340636266,0.9845913836075212,20,0.25
0.3025274064102059,0.19481630032778113,20,0.25
0.2419413761899087,0.30409264301483263,20,0.25
0.4966405482701566,0.02591265124640066,20,0.25
0.30349125160614315,0.19332710772470565,20,0.25
0.23343156363005277,0.3219335984751923,20,0.25
0.0797497863184363,0.7382134193772831,20,0.25
0.5290684570426835,0.016455497879688127,20,0.25
0.35825571913921184,0.12089906225500564,20,0.25
0.2658225583566976,0.2573072134114857,20,0.25
0.08202556462135306,0.7310045134715994,20,0.25
0.1413408306747643,0.5522500977527869,20,0.25
0.2605625036577467,0.26719562896776294,20,0.25
0.2964164398928442,0.20443688619024797,20,0.25
0.20689569954750328,0.38145755534802295,20,0.25
-0.23036335298322233,0.3285159672947334,20,0.25
0.4255326024079366,0.061406058756092854,20,0.25
0.40138686922141337,0.07941225310883629,20,0.25
0.4144111789207244,0.06926972512281569,20,0.25
0.03670975286091384,0.8778847440849442,20,0.25
0.34632162000217165,0.13470260957528632,20,0.25
0.17695820963147743,0.4554589409357064,20,0.25
0.2715912725225787,0.24673296089848226,20,0.25
0.4283989271866856,0.059493423796152044,20,0.25
-0.04663266039376983,0.8452169211112948,20,0.25
0.20165984842967072,0.21209229102488164,40,0.25
0.37136714645226626,0.01830835074401928,40,0.25
0.15234081720455367,0.3480240904358418,40,0.25
0.16964283356465423,0.2953291450934212,40,0.25
0.03945680514118138,0.8089911895975943,40,0.25
0.19927474461748282,0.21766212303103635,40,0.25
0.31354345285949503,0.04882270806825589,40,0.25
0.05066928194343387,0.7561819877635266,40,0.25
0.4292321160058433,0.005712812722672952,40,0.25
0.32504082167548837,0.0407078882009248,40,0.25
0.23847581403218568,0.1383663031719472,40,0.25
0.31533499320362907,0.04747881591316855,40,0.25
0.05801502655358262,0.722152146594806,40,0.25
0.46321750219812124,0.0026120454911598093,40,0.25
0.4732232209727776,0.002042734226179059,40,0.25
0.09306864946299323,0.5678675634159109,40,0.25
0.2712312451734636,0.09047052380986838,40,0.25
0.31357007599004105,0.04880251526279808,40,0.25
0.08408331961227793,0.6059650353590493,40,0.25
0.15683383129403247,0.3338194502102896,40,0.25
0.39051078599926337,0.012727852187794753,40,0.25
0.08115660053720777,0.6186067917829252,40,0.25
0.2699685139511327,0.0920402768294039,40,0.25
0.10730424729542842,0.5098710222179852,40,0.25
0.19331809814781276,0.23201074626722526,40,0.25
0.04895935986488275,0.7641716253951181,40,0.25
0.167294693275258,0.30216229826248125,40,0.25
0.4591256749992732,0.002882277230758521,40,0.25
-0.00721997858781834,0.964732467147819,40,0.25
0.08859996787324846,0.5866770909542635,40,0.25
0.42675761803817003,0.006029603656138672,40,0.25
0.3836802305156932,0.014525044354651089,40,0.25
0.17192522540527638,0.28878330599145763,40,0.25
0.30952842404363085,0.05194591665302815,40,0.25
0.303219727768677,0.05717539560898209,40,0.25
0.3700026058464929,0.018774442991399277,40,0.25
0.3772276641220751,0.016415548033708836,40,0.25
0.5306348548642469,4.278218480018347e-4,40,0.25
0.306834527023389,0.054129916805468074,40,0.25
0.3665560596069547,0.019996229295022972,40,0.25
0.3376939173883364,0.03308210726586633,40,0.25
0.33065800180859317,0.037162678283328275,40,0.25
0.4152812083502761,0.00770528887231346,40,0.25
0.4129503419726772,0.00809064302842448,40,0.25
0.43260044645106954,0.005304796042779649,40,0.25
0.31403732389344874,0.04844921649279485,40,0.25
0.24919808936875745,0.12098134193456128,40,0.25
0.18433399190132668,0.25484808241570733,40,0.25
0.20810603691675467,0.19753573949798922,40,0.25
0.21021708614367274,0.1929249755967483,40,0.25
0.3540596532517923,0.024998692958928682,40,0.25
0.31159022240325135,0.05032263526384314,40,0.25
0.21659094091644715,0.17946565420716945,40,0.25
0.15516602079249128,0.3390497507936616,40,0.25
0.2604002564120517,0.1046262919195417,40,0.25
0.2652474031703571,0.09809590055400208,40,0.25
0.41500830847498527,0.007749574749089069,40,0.25
0.24618790533398616,0.12568707056618372,40,0.25
0.14396397325277835,0.3754745933820518,40,0.25
0.41481669124787557,0.0077808007935265214,40,0.25
0.19760151651085692,0.22162927567031443,40,0.25
0.004098918434033576,0.9799737106547914,40,0.25
0.2083852738742737,0.19692145371089295,40,0.25
0.3691830343416473,0.019059145467455883,40,0.25
0.3822070735311047,0.014939577836758184,40,0.25
0.13672734371867512,0.4001910972030698,40,0.25
0.5613368366933211,1.6434812044304815e-4,40,0.25
0.4359730869238991,0.0049218037766846304,40,0.25
0.22869472362846294,0.1557771540846815,40,0.25
0.281639283784061,0.07830715902992962,40,0.25
-0.0018595770636228239,0.9909138446286551,40,0.25
0.32589550114397575,0.040151380164624266,40,0.25
0.08765454761457335,0.5906917631089762,40,0.25
0.39109669755844967,0.012582900323544473,40,0.25
0.0587794583329339,0.7186397061496617,40,0.25
0.45128948883779135,0.0034688009709784745,40,0.25
0.4260801488877357,0.006118938637481637,40,0.25
0.2438967667715268,0.12935948362275418,40,0.25
0.34117761596282725,0.03120230910228748,40,0.25
0.4075142009771048,0.009054231371096746,40,0.25
0.3009195088847617,0.05918350274712645,40,0.25
0.30339369810007266,0.057025758648186986,40,0.25
0.1644793938222851,0.31048690185828953,40,0.25
0.08714528421385297,0.5928593360483299,40,0.25
0.46266064651791583,0.002647462843833315,40,0.25
0.2669283321078029,0.09590577027005974,40,0.25
0.136100056138464,0.40237685114552313,40,0.25
0.3701320743897568,0.018729796430260598,40,0.25
0.2591261617939347,0.1063966083304651,40,0.25
0.4812233714787714,0.0016692407567107162,40,0.25
0.3097963391870697,0.05173263747380562,40,0.25
0.11251984135178099,0.48939455241076746,40,0.25
0.2693976972757276,0.09275673758931527,40,0.25
0.4370322028219723,0.004806592653127255,40,0.25
0.18023600688982824,0.2657469620457276,40,0.25
0.21216712462262,0.18873379156379486,40,0.25
0.038088022408452646,0.8155006914688132,40,0.25
0.34922668564384507,0.027193646867358607,40,0.25
0.33618715037521624,0.03392348100487162,40,0.25
0.034879934042804095,0.8308046053316681,40,0.25
0.056534221552270274,0.6678914237904188,60,0.25
0.35551379192671734,0.0053105512900126035,60,0.25
0.20633267339780373,0.113718620081027,60,0.25
0.05445008513213446,0.6794578948811953,60,0.25
0.35621633344131165,0.005214639672253137,60,0.25
0.1278073281884537,0.330471630389786,60,0.25
0.3300288212587587,0.010017944344279606,60,0.25
0.21421836729114083,0.10026631730758884,60,0.25
0.04056203934844402,0.7583033776178285,60,0.25
0.1705931065664749,0.19251069875931248,60,0.25
0.2518284871762944,0.0522547963583508,60,0.25
0.28345235060773066,0.028188560173252143,60,0.25
0.39109548478908607,0.0020031595998908267,60,0.25
0.3545654782437092,0.005442474737041179,60,0.25
0.39403247574171757,0.001839245737097268,60,0.25
0.29151648985934686,0.023827064131732557,60,0.25
0.3588968710094054,0.004862544000386498,60,0.25
0.2219223709882737,0.08835040938216339,60,0.25
0.3072712373643616,0.016934233953354784,60,0.25
0.31338963617426113,0.014760369764758653,60,0.25
0.048799622881942395,0.7111817944860124,60,0.25
0.16197924452534398,0.21628135466038362,60,0.25
0.36362950295513596,0.004291770654444131,60,0.25
0.34813815882088023,0.0064150007024978625,60,0.25
0.2541600367288192,0.05004125699990267,60,0.25
0.19885927512328466,0.12770568018696488,60,0.25
0.15914682133018382,0.2245290949700265,60,0.25
0.5078799248301721,3.4392034895473384e-5,60,0.25
0.31732232148673384,0.013493344705066915,60,0.25
0.1513610946098573,0.24831961894113846,60,0.25
0.4307505825477133,5.912420794585813e-4,60,0.25
0.4279117286976294,6.484576234793921e-4,60,0.25
0.25930993397446067,0.04542267449481256,60,0.25
0.3296669802303907,0.010104962676888367,60,0.25
0.32028289022144335,0.012602328630855026,60,0.25
0.33339432407696484,0.009239225731333208,60,0.25
0.22591710769898865,0.0826254817899735,60,0.25
0.2595049706511314,0.04525488093046711,60,0.25
0.23954511433621814,0.06526838961594413,60,0.25
0.04909235728390013,0.7095256870530815,60,0.25
0.1569686658652388,0.2310187792647297,60,0.25
0.3700894659990909,0.0036084179285271085,60,0.25
0.0961303201985877,0.4649911035916535,60,0.25
0.3707078235005268,0.003548359035521281,60,0.25
0.18886468136752907,0.14839959398859554,60,0.25
0.2978732785050515,0.020803978713610886,60,0.25
0.12847845470216504,0.3279174567617017,60,0.25
0.2981938082283326,0.020660590088675556,60,0.25
0.30992326986429486,0.01596050773637794,60,0.25
0.28961130486594705,0.02480235388049411,60,0.25
0.2840165117256279,0.027863048881341074,60,0.25
0.43347002241357097,5.407643839123379e-4,60,0.25
0.4784584624415208,1.1031349850883987e-4,60,0.25
0.2987065629005182,0.02043295476118312,60,0.25
0.20707608456976603,0.11239422188405956,60,0.25
0.37802604711313353,0.0029019505808362592,60,0.25
0.26189461796663566,0.04324002271019393,60,0.25
0.28628732262123746,0.02658456586324473,60,0.25
0.11470674337772752,0.38282151798172437,60,0.25
0.5065873192340313,3.628130711884857e-5,60,0.25
-0.11946733868184292,0.36325223168147347,60,0.25
0.31953578411490735,0.012822252974113185,60,0.25
0.36517338885869777,0.004118821022717937,60,0.25
0.36137583038282595,0.00455574153918598,60,0.25
0.42364862997723335,7.438283468800862e-4,60,0.25
0.2855133872355979,0.027014637842465303,60,0.25
0.0816654388785419,0.5350548168510836,60,0.25
0.21495481356576931,0.0990759680250492,60,0.25
0.2463379059788421,0.05778337572943598,60,0.25
0.3669234045291866,0.003930251362212809,60,0.25
0.1793407318200633,0.17034686862357085,60,0.25
-0.005720205349337758,0.9654011872840813,60,0.25
0.35859977998436054,0.004900507251214565,60,0.25
0.31128316359884933,0.015480077257717073,60,0.25
0.22161233916824544,0.08880742554665941,60,0.25
0.0016905611698603633,0.9897717461740958,60,0.25
0.3038364935127388,0.018270431766051642,60,0.25
0.3024973257920827,0.018815226330246664,60,0.25
0.10005709052787991,0.4468679757595877,60,0.25
0.14957741024140714,0.254003125155265,60,0.25
0.06446209868309845,0.624610214955529,60,0.25
0.23344390973827966,0.07263737353228746,60,0.25
0.3381308253307111,0.0082326112716807065,60,0.25
0.08379566064280537,0.5244210025754931,60,0.25
0.21505514343799356,0.09891465429058813,60,0.25
0.39324168927567194,0.0018821552187059478,60,0.25
0.10061328465065708,0.44433302773922756,60,0.25
0.39910918718645344,0.0015840077092752767,60,0.25
0.24586058691652568,0.05828555904866824,60,0.25
0.11792094880486456,0.3695409943571474,60,0.25
0.3038077108768033,0.018281998019987884,60,0.25
0.4607646835888106,2.1163320326986876e-4,60,0.25
0.08146061506629897,0.5360828235904749,60,0.25
0.26609830196667467,0.039874967672597926,60,0.25
0.32358916771758495,0.011667660750550302,60,0.25
0.1517594271406273,0.24706230768120602,60,0.25
0.11726931398242682,0.3722106391533784,60,0.25
0.16146755048231234,0.21775541390558245,60,0.25
0.31536388272134375,0.014112099049771764,60,0.25
0.36389134033454656,0.004261995103200128,60,0.25
0.3858218180642048,0.09293275024098399,20,0.35
0.3411049219874429,0.14107280692341762,20,0.35
0.6409923625634887,0.0023232720193195546,20,0.35
0.31983990187770733,0.1692250739160136,20,0.35
0.29288924988049125,0.21013102030243067,20,0.35
0.33771307816043955,0.14532637516423008,20,0.35
0.25669954287228414,0.2746075465321075,20,0.35
0.6427315931768433,0.002240284183226412,20,0.35
0.5464649270724665,0.012665834840417178,20,0.35
0.42708996127724935,0.060361186824743326,20,0.35
0.25135592937097523,0.2850696943593313,20,0.35
-0.1041274126930175,0.6621994127628019,20,0.35
-0.018474729985729323,0.9383787566644926,20,0.35
0.3641249496687048,0.11449487519091969,20,0.35
0.2012560745479849,0.3948542658511067,20,0.35
0.298184889898506,0.20162095430345653,20,0.35
0.3930217094531593,0.08648358650256743,20,0.35
0.0502842455308972,0.8332534536022624,20,0.35
0.500986600665389,0.024441544070898085,20,0.35
0.5144323881392232,0.020304224475574253,20,0.35
0.6875606155933847,8.08081255178666e-4,20,0.35
0.10497469641516956,0.6596088792520458,20,0.35
0.34498941144258066,0.13630971000337527,20,0.35
0.681663667191709,9.331500820350752e-4,20,0.35
0.5074821726585012,0.0223668118946332,20,0.35
0.0995364565879208,0.6762997382011282,20,0.35
0.45421572273231464,0.044236829717815125,20,0.35
0.4507036052138613,0.04611307606236969,20,0.35
0.44285536106099754,0.05052654939158649,20,0.35
0.6073064855302053,0.004512926047510437,20,0.35
0.49462634055958477,0.02661771587075299,20,0.35
-0.07455907851227883,0.7547339106776388,20,0.35
0.47830524266743557,0.03290450052392274,20,0.35
-0.060983337166811404,0.798412308119755,20,0.35
0.3556974173973222,0.12376914720739146,20,0.35
0.35657087296417006,0.12278383700714846,20,0.35
-0.02624692110171953,0.9125361689949659,20,0.35
0.3025603441217413,0.19476528331945758,20,0.35
0.5265255742373123,0.017078429527134294,20,0.35
0.3754010000327103,0.10288169572072355,20,0.35
0.43372239402432505,0.05606135274399274,20,0.35
0.5547271245314399,0.011131669858369228,20,0.35
0.6386179282049346,0.0024406995022533792,20,0.35
0.6247976376924433,0.0032268523012883078,20,0.35
0.5135248631733064,0.020564604898323933,20,0.35
0.16244787854960305,0.4937996973362091,20,0.35
0.35405163747109636,0.12564097699981308,20,0.35
-0.012643807730826828,0.9578070102816666,20,0.35
0.6186274042611908,0.003640238838627145,20,0.35
0.1729670408832461,0.46584919995044227,20,0.35
0.3928038186353537,0.08667377605297437,20,0.35
0.23398992350890194,0.32074424651939043,20,0.35
0.008037925195558524,0.9731702468141068,20,0.35
0.3532893869788815,0.12651471445836926,20,0.35
0.6597709693530016,0.0015501003809280202,20,0.35
0.2611190164891392,0.26613830342355127,20,0.35
0.7070460417997516,4.903875473783315e-4,20,0.35
0.26611891191811266,0.2567570977339152,20,0.35
0.49176828551927554,0.027644024385319307,20,0.35
0.21222754790004295,0.36902986604733945,20,0.35
0.13261248020648758,0.5772913464844421,20,0.35
0.36315382049816414,0.11553730668974885,20,0.35
0.38499173669140513,0.09369832770570091,20,0.35
0.12814293944152091,0.5903002282106633,20,0.35
0.43611487191723214,0.054568880716391044,20,0.35
0.5445945604530479,0.01303578571079626,20,0.35
0.37383057064809605,0.10444553800850835,20,0.35
0.5130724207465821,0.020695405212286827,20,0.35
0.21938422977010924,0.3527160001895252,20,0.35
0.16135584143150802,0.496747506108809,20,0.35
-0.047474040817852746,0.84245736691255,20,0.35
0.5014826489832511,0.024277926167145043,20,0.35
0.1869355358340161,0.4300151446514887,20,0.35
0.19933617482852964,0.3994734625655334,20,0.35
0.37615564653387323,0.10213629498486705,20,0.35
0.28843400304330985,0.21747189755989502,20,0.35
0.4039532587388041,0.07733144289202391,20,0.35
0.49210719710530915,0.027520720947389825,20,0.35
0.4582777667677899,0.042140772974847016,20,0.35
0.3073421737647729,0.1874535350737295,20,0.35
0.11892763099503975,0.6175026196798319,20,0.35
0.4214898449134836,0.0641822611421226,20,0.35
0.47580351019429384,0.03396282750203294,20,0.35
0.7042159243075627,5.285493515269623e-4,20,0.35
0.4517793893868411,0.04553198876841934,20,0.35
0.29634379991203225,0.20455310782263508,20,0.35
0.38339293446018624,0.09518589205112549,20,0.35
0.45938013041116255,0.04158539957411972,20,0.35
0.5733797360396086,0.008217046002830311,20,0.35
0.5763434028984484,0.007817486586548052,20,0.35
0.5440103293594567,0.013153114706185123,20,0.35
0.540761265884797,0.013821253622278835,20,0.35
0.027108838240756,0.9096750282005411,20,0.35
0.38999717287954744,0.08915125088255095,20,0.35
0.7102031575211653,4.506033690003216e-4,20,0.35
0.32271233061653176,0.16521370909003294,20,0.35
0.604461209855166,0.004757497166082674,20,0.35
0.1833169752648035,0.4391546136804233,20,0.35
0.5625790853884268,0.009816745215233976,20,0.35
0.003948846054700497,0.9868174422660161,20,0.35
0.34720395409806654,0.028158510068547245,40,0.35
0.5249395959748417,5.058865086145247e-4,40,0.35
0.3499213228090034,0.026868681524912848,40,0.35
0.37172982689425127,0.01818611660529147,40,0.35
0.39734084525119623,0.011123254574896385,40,0.35
0.5572719048517567,1.8754921691193063e-4,40,0.35
0.42968999445887474,0.005655801084863639,40,0.35
0.3339271587494234,0.035218300870408746,40,0.35
0.3314457525675602,0.03668631437025255,40,0.35
0.5026328375670663,9.488557106399482e-4,40,0.35
0.36304249444397296,0.021309632145456885,40,0.35
0.48846004145340877,0.0013847223522264014,40,0.35
0.4765157362896765,0.0018809414161436997,40,0.35
0.506092609224315,8.630668842159776e-4,40,0.35
0.15022247702280003,0.354847213982165,40,0.35
0.307379561038829,0.05368221322946669,40,0.35
-0.08522126373786147,0.6010799208604585,40,0.35
0.202200922046717,0.2108426275855621,40,0.35
0.050295625227898516,0.7579258013173148,40,0.35
0.5393394681225939,3.292275305013898e-4,40,0.35
0.10687989782869718,0.5115557360150824,40,0.35
0.27191280831649756,0.08963187893925435,40,0.35
0.3651675067170356,0.020506941030526585,40,0.35
0.4289055840422454,0.0057537732279288895,40,0.35
0.5374774187386295,3.484114942623495e-4,40,0.35
0.16730001958957422,0.30214668521080296,40,0.35
0.4236939352941043,0.006442769545919968,40,0.35
0.2271012571233644,0.158758311564513,40,0.35
0.16085529934943538,0.3214148063292325,40,0.35
0.3756533893140322,0.01690702164091084,40,0.35
0.2947567727115071,0.06484134836584543,40,0.35
0.12077206553120728,0.45788606814426525,40,0.35
0.20118044010661945,0.2132038162253008,40,0.35
0.01569170079161581,0.9234396831161801,40,0.35
0.4068393816570826,0.009180441452841583,40,0.35
0.30427537084533457,0.05627220708482598,40,0.35
0.21763938042584838,0.17731757212893132,40,0.35
0.27770900828290596,0.08274048570592192,40,0.35
0.3442706299853887,0.029607889976585398,40,0.35
0.35206586975169374,0.02588565699179939,40,0.35
0.47939081557462054,0.0017490096077741083,40,0.35
0.45665996449467877,0.00305667899781798,40,0.35
0.3844009363141408,0.014325815805787801,40,0.35
0.3303616251243835,0.03734320462605538,40,0.35
0.3402390396309426,0.03169988688813979,40,0.35
0.13072583700946863,0.421382801349912,40,0.35
0.2479348672448923,0.12293971907688435,40,0.35
0.5856146423457731,7.19739026247782e-5,40,0.35
0.30547631744486464,0.05525860018348238,40,0.35
0.44304446378812873,0.004195925869796664,40,0.35
0.6163197422654301,2.2937893366131557e-5,40,0.35
0.41688665012803783,0.007449140514509198,40,0.35
0.49798755822874136,0.0010759273858097517,40,0.35
0.21964024346265945,0.173269261492851,40,0.35
0.49160107138531645,0.001275216479920384,40,0.35
0.2987863199303268,0.061095621919094255,40,0.35
0.16247006475913733,0.3165163037808099,40,0.35
0.34005721151660356,0.0317970324023465,40,0.35
0.2891022260676986,0.07040164318705477,40,0.35
0.4782784753794005,0.001799051638181552,40,0.35
0.45309226693193266,0.0033253540558265625,40,0.35
0.48497576524280656,0.001515855037768521,40,0.35
0.43865719984882945,0.004634377322437284,40,0.35
0.3834330715745979,0.014593905407523764,40,0.35
0.2706142806085575,0.09123489483333423,40,0.35
0.3591954243515676,0.022829619708307616,40,0.35
0.12068602859741138,0.45820882857814527,40,0.35
0.48562140274832793,0.0014907586367023183,40,0.35
0.5333565642726751,3.9447665449985893e-4,40,0.35
0.5233814324828723,5.293533819899544e-4,40,0.35
0.27644376421435723,0.08420846017521924,40,0.35
0.58473519799208,7.424458148637709e-5,40,0.35
0.36674577110770196,0.019927287568941625,40,0.35
0.18955042088313645,0.24141207113174723,40,0.35
0.2845344579320662,0.07516181584820088,40,0.35
0.25042378827629147,0.11910362128396398,40,0.35
0.4308640789676828,0.0055118576746730685,40,0.35
0.033759223244558136,0.8361657170045234,40,0.35
0.291832015626635,0.06767225123790367,40,0.35
0.14815203851770628,0.36159378120285846,40,0.35
0.5367815964009769,3.558337894219453e-4,40,0.35
0.4778288024700341,0.001819637189645372,40,0.35
0.19452879150334484,0.22904346073899515,40,0.35
0.4941492942372558,0.0011920863824400347,40,0.35
0.08978404149739738,0.5816661873474633,40,0.35
0.24285760311879542,0.13105125500357287,40,0.35
0.5322381475680529,4.078861813137576e-4,40,0.35
0.5127414496380018,7.173412012812236e-4,40,0.35
0.16890713409217892,0.2974592769234103,40,0.35
0.44327746458043027,0.004173685974601987,40,0.35
0.2610463935107863,0.10373712693576322,40,0.35
0.07163840055750077,0.660459382260071,40,0.35
-0.20823035052464806,0.19726209936074218,40,0.35
0.21596962101976677,0.18074736589404974,40,0.35
0.16175138132395997,0.31869064217045673,40,0.35
0.3245800734514089,0.04101048850978919,40,0.35
0.379396507153482,0.015758223799919445,40,0.35
0.24409896849274274,0.12903219742967237,40,0.35
0.22874526233046574,0.15568327495586815,40,0.35
0.27255536440073014,0.08884674489061169,40,0.35
0.3185224343579752,0.013125830392498023,60,0.35
0.5669801896757043,2.323781665713892e-6,60,0.35
0.42280189310779015,7.642164440438486e-4,60,0.35
0.25674702834287527,0.047675413996791,60,0.35
0.2423270768193243,0.06211389314922489,60,0.35
0.1558575542023151,0.234378781349074,60,0.35
0.3423838664074191,0.007411570243992684,60,0.35
0.3347275644815388,0.008945604975654713,60,0.35
0.35291835132460003,0.005678469635568386,60,0.35
0.567261920535002,2.2912166154499193e-6,60,0.35
0.34924900757547356,0.006236759341283507,60,0.35
0.3142179079004048,0.014485348630433405,60,0.35
0.25707422403463415,0.047382821852257215,60,0.35
0.3648062011762634,0.004159386305203927,60,0.35
0.36997024202122153,0.003620100701039512,60,0.35
0.34304606941380195,0.007290390929406566,60,0.35
0.40784451096864477,0.0012182027674231904,60,0.35
0.4591132950473061,2.2449938334693383e-4,60,0.35
0.5559885804129381,3.990006913653441e-6,60,0.35
0.38789559652939987,0.002196494753272996,60,0.35
0.39046827479204604,0.0020398110092648353,60,0.35
0.38951862885292604,0.0020964448880539045,60,0.35
0.1939134704195893,0.13765456097326448,60,0.35
0.4657494768013698,1.7677499712113445e-4,60,0.35
0.3396112300423668,0.007938253267958877,60,0.35
0.43872579252617455,4.5413218005619364e-4,60,0.35
0.3983078532488162,0.0016220569874495234,60,0.35
0.364480400156991,0.0041956744565299145,60,0.35
0.252759954442137,0.051361096923450415,60,0.35
0.24847667757130912,0.05557602667622946,60,0.35
0.5821011996495148,1.0691901601981904e-6,60,0.35
0.30531328931997476,0.01768529637089589,60,0.35
0.42704715153353356,6.66852750591789e-4,60,0.35
0.18943070472317136,0.14716481735380585,60,0.35
0.2743259555643268,0.03391368162013983,60,0.35
0.3215588535912716,0.012234241070847184,60,0.35
0.39185353425409164,0.001959648645445632,60,0.35
0.3362600031741055,0.008618168759972265,60,0.35
0.2794723208797549,0.030576826829032885,60,0.35
0.20903948789349477,0.10895332811043011,60,0.35
0.39540625925388434,0.0017667784724439302,60,0.35
0.3735827930866042,0.0032805969477017324,60,0.35
0.4128340197733309,0.0010451957081299265,60,0.35
0.34549701436391783,0.006856812152766925,60,0.35
0.45472818967211726,2.6221006724415775e-4,60,0.35
0.10826113234187,0.4102972900284919,60,0.35
0.10739812524030075,0.4140606686318322,60,0.35
0.5062878370267551,3.673250363211393e-5,60,0.35
0.296533293076785,0.021412601295152243,60,0.35
0.2300014935753507,0.0770789613674317,60,0.35
0.2972142751586228,0.02110143818218494,60,0.35
0.3520365815576597,0.005808463026212981,60,0.35
0.4882653574649545,7.568636166770214e-5,60,0.35
0.1935617745291913,0.13838357749186372,60,0.35
0.27536525472516094,0.033216424599973746,60,0.35
0.2341681478259631,0.07172942326154612,60,0.35
0.27962323467226613,0.03048327794834048,60,0.35
0.26018871360812085,0.04467065842330135,60,0.35
0.32652434310535444,0.010888696806437398,60,0.35
0.5025321746207676,4.284878652602483e-5,60,0.35
0.23709255418346956,0.06815491829571406,60,0.35
0.41374709678584937,0.0010160464912912434,60,0.35
0.12855882096196308,0.3276124373666355,60,0.35
0.4922915410116783,6.46243214338472e-5,60,0.35
0.44483448726807273,3.6940560260920343e-4,60,0.35
0.3097545690770348,0.01602098796259819,60,0.35
0.3492735762304363,0.006232866746134075,60,0.35
0.1696292585014223,0.19507346238551593,60,0.35
0.41476290940502536,9.844800678692673e-4,60,0.35
0.28195363401867884,0.02906882711428015,60,0.35
0.4136005113097379,0.0010206761783756524,60,0.35
0.3514378634364814,0.005898210324474562,60,0.35
0.38635359532084457,0.0022954743489004468,60,0.35
0.33939890476799545,0.00797989914598388,60,0.35
0.2780008623496947,0.03150160689017165,60,0.35
0.42622014309162976,6.848892443775042e-4,60,0.35
0.40463718708549173,0.0013425987837753159,60,0.35
0.41792974718113324,8.916633868607355e-4,60,0.35
0.17739828848083197,0.17509977039335303,60,0.35
0.4453789819173202,3.626003689494064e-4,60,0.35
0.39531844613396283,0.0017713329953836887,60,0.35
0.49341339449989774,6.181901938488484e-5,60,0.35
0.2698955614724943,0.03702412389862107,60,0.35
0.3567006943291071,0.005149404931187207,60,0.35
0.4663466919671976,1.7297196791470879e-4,60,0.35
0.3693965878024233,0.003676782729625898,60,0.35
0.22972194770835422,0.07744890476990583,60,0.35
0.543119462302116,7.335600018079195e-6,60,0.35
0.3612090165461421,0.004575837665962365,60,0.35
0.40089505844834367,0.0015020738348084847,60,0.35
0.32587583237540707,0.011056817826017171,60,0.35
0.5384413541913801,9.096897447544719e-6,60,0.35
0.34364665939399197,0.007181987041727623,60,0.35
0.25596444991964007,0.0483812307469708,60,0.35
0.3772724495292589,0.0029632979060175936,60,0.35
0.5073907296203694,3.5096078418287134e-5,60,0.35
0.3472818401840458,0.0065554319729297095,60,0.35
0.47767884863060883,1.1361185284058206e-4,60,0.35
0.1986169319374792,0.12818011822693948,60,0.35
0.37156993109763303,0.003466103772811738,60,0.35
