classroom_id,student_id,cond,student_understood,grade
1948,1,1,1.0636415511836146,-0.6425116797640469
1948,2,1,0.5730526953385847,-0.9028596161271963
1948,3,1,1.5895008310930736,1.121878764235801
1948,4,1,0.18565802513683466,0.32510922580060697
1948,5,1,1.1667068598638874,1.1173438550852022
2288,1,-1,-0.36652217955126576,-1.3262211942897277
2288,2,-1,0.5976281712854293,1.4288772061413946
2288,3,-1,1.163451003493221,0.4135757463969162
2288,4,-1,-0.8084697430929292,0.17128804396881012
2288,5,-1,0.3467382133408797,0.5349896440926607
2347,1,1,0.10586838711743951,1.5545744523353235
2347,2,1,-0.36347278976797637,0.02260297667537914
2347,3,1,0.6026824887942098,2.013051796689359
2347,4,1,1.8656317768404305,-0.03912314299855579
2347,5,1,1.2045877389017372,-0.7413364770944464
8571,1,1,-0.2631962412870072,1.2533232378206578
8571,2,1,0.39845034345917596,0.6466598159571544
8571,3,1,-0.5536027412786146,0.12797360492052157
8571,4,1,0.8182540456831043,-0.3819176072930828
8571,5,1,0.49145054536850064,0.2815376511943773
11136,1,-1,0.6446185240259055,0.8555242492707307
11136,2,-1,-0.5462024315888625,-0.9791901932309793
11136,3,-1,1.1246604086047838,-1.4303222517521887
11136,4,-1,0.28217764779677396,0.8692111119277057
11136,5,-1,0.4441574185654867,-1.1925372423124023
14756,1,-1,0.35608521369342305,-1.2259421482916433
14756,2,-1,1.6240461048443067,1.45263599838345
14756,3,-1,1.5507906892799777,-0.9188992488694077
14756,4,-1,0.2065251619660587,1.5743684835027567
14756,5,-1,-1.0232895039057839,-0.1702268955908316
17175,1,-1,1.0636602175069474,-0.1199675557339566
17175,2,-1,0.7925802204893136,-0.4333002474074941
17175,3,-1,0.7918798867417329,0.36340340899318496
17175,4,-1,-0.4382286192604346,1.0985239358001007
17175,5,-1,1.4393058482237642,0.0954634582653408
19784,1,-1,1.3091955550177417,0.6209091522094459
19784,2,-1,0.6714081582950385,-1.3144495899596436
19784,3,-1,-0.06461083646028118,0.11005793736919389
19784,4,-1,0.9343510835031716,0.10003668783919181
19784,5,-1,0.16257257654370877,-1.1265767855112054
19805,1,-1,-1.3302929484903383,0.8330191569372112
19805,2,-1,0.231395861289879,-2.487214181522746
19805,3,-1,-0.5554756860372541,-1.4150396129292093
19805,4,-1,1.4075676176637593,-1.3206019652108827
19805,5,-1,-1.2248068263776037,-0.498727524021094
20663,1,-1,-1.3940601970907647,0.08560203053774622
20663,2,-1,-1.6786778446471393,0.8566138821406419
20663,3,-1,0.3203399048176469,1.6732254398455386
20663,4,-1,-2.103019002955147,-0.9603497389895126
20663,5,-1,-1.1748943658971178,0.9045511519391521
22707,1,1,-2.9795758385551645,-2.0489777942477927
22707,2,1,-0.6496710546734451,1.2260413438731916
22707,3,1,0.7847377652054128,-1.4476851462232674
22707,4,1,0.8979814117916178,1.1591071640899182
22707,5,1,-0.29405843823161987,0.28709437757498313
25785,1,1,1.2712244327031919,0.16356934882496424
25785,2,1,0.8916201448452984,0.5105714766483425
25785,3,1,1.4282360129587137,0.15189782574372387
25785,4,1,-0.22790928087812035,0.23836081424000266
25785,5,1,2.343432112691632,-0.12419955231022628
25904,1,-1,-0.7417094137780316,2.543625802284212
25904,2,-1,-0.8746942718740914,1.1208824888148397
25904,3,-1,-0.826164286511922,-0.12708495122689767
25904,4,-1,0.43787434192548014,1.0457223462882013
25904,5,-1,0.06762678478064654,1.8779175139640154
25922,1,1,-0.06419327654519269,-0.14395903991394526
25922,2,1,0.042008731656876186,0.3151459492839905
25922,3,1,-0.5387926718991403,-0.23724075319821264
25922,4,1,2.353470325008816,3.004631988900884
25922,5,1,-1.3682385090875848,-0.9972172091071846
26716,1,1,-1.0124222840246666,0.9553620413912995
26716,2,1,0.5147886379772073,1.369626457644631
26716,3,1,-1.0626940889539072,1.9202207526399144
26716,4,1,0.9778914977150244,1.0111323539166368
26716,5,1,1.1984259323200233,0.7003008793655625
30590,1,1,1.3317837382024775,-0.037147237885684636
30590,2,1,2.574571508077156,-0.5533629001301847
30590,3,1,0.8772864665371927,-0.6989090416836707
30590,4,1,0.3753626621011399,-1.5819113202912565
30590,5,1,1.4110642343875974,-2.3950791543893413
35497,1,1,-1.191350028354438,-1.2997935303770856
35497,2,1,0.8258744171648991,-1.7189124257387491
35497,3,1,1.759226131172149,0.8652467493656363
35497,4,1,-0.6895896564125424,0.3786645126435905
35497,5,1,0.2264816930330505,-0.7271520858336316
39057,1,1,0.7985338658763962,0.9948693705162723
39057,2,1,-1.443456161561717,-0.701672930535253
39057,3,1,0.3516262499686387,-1.2582631946023737
39057,4,1,-1.0213633946996763,-0.574858585095569
39057,5,1,-1.0914779163176311,-1.8439335181109373
45589,1,-1,0.5056857306742484,0.8906312580263661
45589,2,-1,1.442264047727005,0.4532482199119878
45589,3,-1,-0.023367035853099877,-0.12975686565550457
45589,4,-1,-0.12430142999809589,-1.1167117313244523
45589,5,-1,-0.46594402645266464,-3.1508067982633676
48914,1,1,0.7850612328625832,0.2132189079020851
48914,2,1,0.5228211959619344,0.22013319037093765
48914,3,1,1.130045103869932,1.052694285297697
48914,4,1,-1.2286706546704675,-1.7524118167616831
48914,5,1,1.6587105115946414,1.4485700797796688
49993,1,1,0.821430059715983,-0.26944668646969583
49993,2,1,0.917641391654068,-0.5447329633581437
49993,3,1,1.1273835724923422,-0.24361630914241386
49993,4,1,0.6088589688682303,-0.6877655936327446
49993,5,1,-0.15920572279171724,-2.14068649909612
51266,1,-1,-0.8257442884368659,-0.027503718265791233
51266,2,-1,-1.5832533704715976,-1.6748480073980976
51266,3,-1,0.9334379657929046,1.2430121181277252
51266,4,-1,-1.1616055601769906,-1.5711978511303704
51266,5,-1,-0.7728455728601876,1.1562847293996037
52276,1,-1,1.0232580830071707,0.9342423241145702
52276,2,-1,-0.7215923941308893,1.465607788537824
52276,3,-1,-1.7486281974034041,0.18185702814053312
52276,4,-1,0.4812377822189374,0.9130928315011229
52276,5,-1,1.70986284522229,2.7517997072017457
53173,1,1,-0.027331301131875263,-1.647018168276472
53173,2,1,0.44021728432785934,-1.155259857298316
53173,3,1,-0.29841445177065523,-1.8018153327138802
53173,4,1,-1.168513779181402,-1.6660630598720851
53173,5,1,-0.3503623603554172,-1.9243166903767888
54863,1,-1,-1.0304897710044374,0.8139581029468295
54863,2,-1,-0.007861397238591195,0.7926240438701843
54863,3,-1,0.2782335133768503,-0.5550006289599334
54863,4,-1,0.6364306894719861,2.576398919322923
54863,5,-1,-3.068977529103773,-2.614775851875356
58210,1,1,3.4246705731335916,2.033281925160972
58210,2,1,-0.2566330471492424,-0.20018611168787476
58210,3,1,1.5591140496497837,0.4257694725806616
58210,4,1,-0.761678202140073,-1.9377687508745147
58210,5,1,1.3652320922012497,-0.775122696212014
59654,1,-1,-1.1672041525705361,-0.16209547346728093
59654,2,-1,-2.182005190405713,0.2654545802693585
59654,3,-1,-1.137857295020407,0.4228193162588733
59654,4,-1,-0.6881418834739892,1.379435766739538
59654,5,-1,-1.1070997010979586,0.5940554426496987
60906,1,1,-0.09499002531411249,1.5948901087418383
60906,2,1,-1.5002739489531713,-0.5187972050581815
60906,3,1,0.17788808804824388,-0.14474162250603362
60906,4,1,0.3911833244676295,-1.8291662808211673
60906,5,1,-0.08574336019448951,-1.8222531938509388
63320,1,-1,1.2834072881323781,-0.46064897261804116
63320,2,-1,0.10384982631274367,-1.27890389213403
63320,3,-1,0.31815680262723944,-1.457164555300912
63320,4,-1,-0.16448460616726376,-1.6278613475637562
63320,5,-1,1.0946995951700327,0.8779582194140798
66368,1,1,-0.12678371285570567,-0.6390712177558966
66368,2,1,0.3103480637230821,-0.33242495458140936
66368,3,1,0.3096079227421732,-1.8625940677421375
66368,4,1,-0.38709726649047616,0.10807246184586367
66368,5,1,-0.8952078839027162,0.7825426302465421
66947,1,-1,-1.1795914302576445,-1.4085230429111606
66947,2,-1,1.6306945056129611,-0.7365004584366714
66947,3,-1,0.9370075941689823,0.9021347073439501
66947,4,-1,0.11044102281770699,-0.8238809848571002
66947,5,-1,-0.37413884641295814,-0.0805711104841842
67345,1,-1,-1.224861198174521,-0.7598196112335938
67345,2,-1,-0.15270267583880465,1.1243327830595675
67345,3,-1,-0.4256148061039048,0.7688314851642982
67345,4,-1,-3.6108945143561546,-1.1738076387015206
67345,5,-1,-0.5097521097210209,-1.1892994824854433
69046,1,1,-0.7456306217039815,-0.6097876015203146
69046,2,1,0.7101790841378972,-0.7993927229257365
69046,3,1,0.7152965359772249,-1.5565419764254063
69046,4,1,1.3456603864928274,0.47745460719723926
69046,5,1,0.10341206729222902,1.227320021320617
70130,1,-1,-1.271333651424443,0.338820710150432
70130,2,-1,-0.5706419893442125,0.6268772846874296
70130,3,-1,-0.4540232064175136,0.07804715088634712
70130,4,-1,-1.392798726030506,-0.9638957775172838
70130,5,-1,-2.062262570223153,-1.097455469004146
72496,1,1,1.2763850103411758,0.6648777797434475
72496,2,1,2.409006200810378,-1.031875820601975
72496,3,1,-1.0164919222106124,-1.2025335953487264
72496,4,1,0.5100048448273189,1.397099359879115
72496,5,1,1.5946894467898658,0.806070923873453
74779,1,-1,-0.8510350403265686,-1.7421305642376812
74779,2,-1,-1.7467434800080133,-0.7459474922072522
74779,3,-1,0.5652631414481651,1.1500012534012967
74779,4,-1,1.1891129069196191,1.3375792005471374
74779,5,-1,-0.6404316039147844,0.49913073432108845
75729,1,1,-0.5096486773756821,-1.2640724596969481
75729,2,1,-1.0137731250456243,-0.9602667052576523
75729,3,1,1.094877127265595,-0.37829452731351254
75729,4,1,1.1212846681687139,0.5559843079111753
75729,5,1,-2.0601739992953125,-0.6896205064156041
76523,1,1,-0.5436992531045081,-0.630831160185211
76523,2,1,0.9295844956622943,-0.3769083856497763
76523,3,1,-1.6670991257442096,-0.03500379033308387
76523,4,1,1.3264892027425408,1.051796380824747
76523,5,1,-0.3395792332632524,1.329645949712554
77933,1,-1,-1.6762360206054345,-0.2632324204411881
77933,2,-1,-0.2678132030580918,-0.5006107660645165
77933,3,-1,2.7207315208566807,1.9353715316408866
77933,4,-1,-2.1205300727570875,-2.9319596199235516
77933,5,-1,1.282132618997583,1.1240928666610122
78801,1,1,0.5304347861117115,0.7332236753660534
78801,2,1,-0.9945621377787085,-2.121786824824853
78801,3,1,0.30363378258615337,0.857408293599711
78801,4,1,0.18899888954635286,1.7133734298851657
78801,5,1,-0.34408425202159676,0.4832635107951492
79776,1,-1,0.035485231599881234,1.597890611158209
79776,2,-1,-0.6682143901657086,-0.6091315446743928
79776,3,-1,-1.330364764319065,0.3142469726000142
79776,4,-1,-2.7269318541824683,-0.6809075057245917
79776,5,-1,-0.6523857610238604,0.21651613887809051
83472,1,1,-0.34260858236484065,0.3474375002439415
83472,2,1,0.4403556637835361,1.2428499294608533
83472,3,1,-0.7342756030725257,0.1120987690310045
83472,4,1,-1.9445197670072467,-0.004972248524703016
83472,5,1,-0.19543989674432652,-0.8022095595429204
86995,1,-1,-0.1327287150786498,-0.21171546507622208
86995,2,-1,-0.2864741292731787,0.1849165619994363
86995,3,-1,-0.36639804935295406,1.271404942116825
86995,4,-1,-0.5665353336977355,-1.0853699120093239
86995,5,-1,0.6332051868058802,0.23935552825387252
87274,1,1,0.35283100735182654,0.7812728323949809
87274,2,1,1.1676804521517834,-1.172082566704633
87274,3,1,-1.744417973829009,-1.3979265149531912
87274,4,1,-0.6265944793723933,-2.2955762464154277
87274,5,1,0.5068086825328448,-1.2215344454918058
89671,1,1,-1.320392616312686,-0.134132977635892
89671,2,1,0.020258868656370083,2.755731302457754
89671,3,1,-2.4166336132364044,-0.6860929689024171
89671,4,1,0.21511807945202518,1.2998045558351403
89671,5,1,0.5401114668146013,0.21968922568992766
91495,1,1,-0.6431831612166299,-0.8314727031563137
91495,2,1,0.9826979325277871,-0.7456594039321525
91495,3,1,0.938093626954858,-0.12389558024148856
91495,4,1,-1.2589073322096185,-1.0170447244023801
91495,5,1,-0.730233339998336,0.3173971182311783
93272,1,-1,-2.127351718015496,-3.186731852434691
93272,2,-1,0.27621851982095375,0.7654143648575408
93272,3,-1,-1.6294673738244565,-1.5135270047855762
93272,4,-1,-0.3623765408420957,-0.05456067177767049
93272,5,-1,1.7448706511182768,0.48884167770352316
94458,1,1,0.24852331505344322,2.1051160591046267
94458,2,1,0.39476964505975287,-0.1189338921493793
94458,3,1,-1.6550810623329193,-0.2724835617227608
94458,4,1,0.9755571164069413,1.703852500326996
94458,5,1,0.7246577662332501,0.3073762896600379
95126,1,1,2.6346685638577596,1.3860641370379796
95126,2,1,-1.2480932297215874,-0.497661665856584
95126,3,1,0.5075810124737508,2.1438961668514382
95126,4,1,0.7679729024769941,1.2289569185736953
95126,5,1,-1.8785986916779511,-1.13657393277074
99203,1,-1,0.8511012126978795,1.713370360180091
99203,2,-1,-0.4068679981713359,-0.4006123871261914
99203,3,-1,-0.9877223476533057,-0.24384974079538713
99203,4,-1,-0.7272966724975645,-1.1074906414951067
99203,5,-1,-1.923672956374705,-0.24586987704821123
